,CiLISI,CiLISI_means
/immune_cell_hum_subtype_wrongly_assigned/original/metrics/unscaled/hvg/R/scanvi_embed,0.318553357546892,0.337312298783674
/immune_cell_hum_subtype_wrongly_assigned/neighbor_shuffled_20_unknown_15/metrics/unscaled/hvg/R/scanvi_embed,0.32322012055714,0.339595203182102
/immune_cell_hum_subtype_wrongly_assigned/merging_1/metrics/unscaled/hvg/R/scanvi_embed,0.328496385979134,0.337914047481405
/immune_cell_hum_subtype_wrongly_assigned/merging_2/metrics/unscaled/hvg/R/scanvi_embed,0.327609937810268,0.336619159259594
/immune_cell_hum_subtype_wrongly_assigned/merging_3/metrics/unscaled/hvg/R/scanvi_embed,0.331929605182429,0.338425202995915
/immune_cell_hum_subtype_wrongly_assigned/merging_4/metrics/unscaled/hvg/R/scanvi_embed,0.333301278032629,0.339892166584277
/immune_cell_hum_subtype_wrongly_assigned/merging_5/metrics/unscaled/hvg/R/scanvi_embed,0.333401284856973,0.337186723718349
/immune_cell_hum_subtype_wrongly_assigned/merging_6/metrics/unscaled/hvg/R/scanvi_embed,0.33225881227495,0.337399728630654
/immune_cell_hum_subtype_wrongly_assigned/merging_7/metrics/unscaled/hvg/R/scanvi_embed,0.328843744948414,0.335326853594398
/immune_cell_hum_subtype_wrongly_assigned/merging_8/metrics/unscaled/hvg/R/scanvi_embed,0.333054840623205,0.3379445178689
/immune_cell_hum_subtype_wrongly_assigned/merging_9/metrics/unscaled/hvg/R/scanvi_embed,0.331641135515505,0.338403310988741
/immune_cell_hum_subtype_wrongly_assigned/merging_10/metrics/unscaled/hvg/R/scanvi_embed,0.329092449130383,0.334570884648855
/immune_cell_hum_subtype_wrongly_assigned/merging_11/metrics/unscaled/hvg/R/scanvi_embed,0.333410957105687,0.33862992508117
/immune_cell_hum_subtype_wrongly_assigned/merging_12/metrics/unscaled/hvg/R/scanvi_embed,0.334243191864264,0.336989005693983
/immune_cell_hum_subtype_wrongly_assigned/merging_13/metrics/unscaled/hvg/R/scanvi_embed,0.335948282968673,0.341627677758164
/immune_cell_hum_subtype_wrongly_assigned/merging_14/metrics/unscaled/hvg/R/scanvi_embed,0.329303255616331,0.33334975670043
/immune_cell_hum_subtype_wrongly_assigned/merging_15/metrics/unscaled/hvg/R/scanvi_embed,0.328283346269259,0.335818067214262
/immune_cell_hum_subtype_wrongly_assigned/merging_16/metrics/unscaled/hvg/R/scanvi_embed,0.328283346269259,0.335818067214262
/immune_cell_hum_subtype_wrongly_assigned/merging_17/metrics/unscaled/hvg/R/scanvi_embed,0.328283346269259,0.335818067214262
/human_pancreas_subtype_wrongly_assigned/original/metrics/unscaled/hvg/R/scanvi_embed,0.254343221334909,0.366282629346982
/human_pancreas_subtype_wrongly_assigned/neighbor_shuffled_20_unknown_15/metrics/unscaled/hvg/R/scanvi_embed,0.259472469389175,0.36940535287071
/human_pancreas_subtype_wrongly_assigned/merging_1/metrics/unscaled/hvg/R/scanvi_embed,0.255628126908424,0.366283769754743
/human_pancreas_subtype_wrongly_assigned/merging_2/metrics/unscaled/hvg/R/scanvi_embed,0.253506660341162,0.366339941863798
/human_pancreas_subtype_wrongly_assigned/merging_3/metrics/unscaled/hvg/R/scanvi_embed,0.256891047974285,0.368200967449282
/human_pancreas_subtype_wrongly_assigned/merging_4/metrics/unscaled/hvg/R/scanvi_embed,0.254719181984692,0.367135777958039
/human_pancreas_subtype_wrongly_assigned/merging_5/metrics/unscaled/hvg/R/scanvi_embed,0.256457844745198,0.367758961103852
/human_pancreas_subtype_wrongly_assigned/merging_6/metrics/unscaled/hvg/R/scanvi_embed,0.255818581533009,0.36767911263867
/human_pancreas_subtype_wrongly_assigned/merging_7/metrics/unscaled/hvg/R/scanvi_embed,0.256008984845397,0.368079202838508
/human_pancreas_subtype_wrongly_assigned/merging_8/metrics/unscaled/hvg/R/scanvi_embed,0.25365924075501,0.366047164831135
/human_pancreas_subtype_wrongly_assigned/merging_9/metrics/unscaled/hvg/R/scanvi_embed,0.2550855472964,0.368118467772526
/human_pancreas_subtype_wrongly_assigned/merging_10/metrics/unscaled/hvg/R/scanvi_embed,0.255098350735042,0.368177641863044
/human_pancreas_subtype_wrongly_assigned/merging_11/metrics/unscaled/hvg/R/scanvi_embed,0.258002793718249,0.370704514308858
/human_pancreas_subtype_wrongly_assigned/merging_12/metrics/unscaled/hvg/R/scanvi_embed,0.261778712775207,0.369400122287
/human_pancreas_subtype_wrongly_assigned/merging_13/metrics/unscaled/hvg/R/scanvi_embed,0.258250671230839,0.367001892555849
/human_pancreas_subtype_wrongly_assigned/merging_14/metrics/unscaled/hvg/R/scanvi_embed,0.258250671230839,0.367001892555849
/human_pancreas_subtype_wrongly_assigned/merging_15/metrics/unscaled/hvg/R/scanvi_embed,0.258250671230839,0.367001892555849
/human_pancreas_subtype_wrongly_assigned/merging_16/metrics/unscaled/hvg/R/scanvi_embed,0.258250671230839,0.367001892555849
/human_pancreas_subtype_wrongly_assigned/merging_17/metrics/unscaled/hvg/R/scanvi_embed,0.258250671230839,0.367001892555849
/tcells_atlas_subtype_wrongly_assigned/original/metrics/unscaled/hvg/R/scanvi_embed,0.14335032117016,0.137213896441547
/tcells_atlas_subtype_wrongly_assigned/neighbor_shuffled_20_unknown_15/metrics/unscaled/hvg/R/scanvi_embed,0.145422570304677,0.139107745852554
/tcells_atlas_subtype_wrongly_assigned/merging_1/metrics/unscaled/hvg/R/scanvi_embed,0.142753840785142,0.136626392258015
/tcells_atlas_subtype_wrongly_assigned/merging_2/metrics/unscaled/hvg/R/scanvi_embed,0.143061414578291,0.135910421508796
/tcells_atlas_subtype_wrongly_assigned/merging_3/metrics/unscaled/hvg/R/scanvi_embed,0.143762228494812,0.13714049507796
/tcells_atlas_subtype_wrongly_assigned/merging_4/metrics/unscaled/hvg/R/scanvi_embed,0.143604300516363,0.136506654966943
/tcells_atlas_subtype_wrongly_assigned/merging_5/metrics/unscaled/hvg/R/scanvi_embed,0.143187315304225,0.136910749726364
/tcells_atlas_subtype_wrongly_assigned/merging_6/metrics/unscaled/hvg/R/scanvi_embed,0.145073501762139,0.138009013991034
/tcells_atlas_subtype_wrongly_assigned/merging_7/metrics/unscaled/hvg/R/scanvi_embed,0.145360833475958,0.139068762574783
/tcells_atlas_subtype_wrongly_assigned/merging_8/metrics/unscaled/hvg/R/scanvi_embed,0.142539989376477,0.138527481104245
/tcells_atlas_subtype_wrongly_assigned/merging_9/metrics/unscaled/hvg/R/scanvi_embed,0.142539989376477,0.138527481104245
/tcells_atlas_subtype_wrongly_assigned/merging_10/metrics/unscaled/hvg/R/scanvi_embed,0.142539989376477,0.138527481104245
/tcells_atlas_subtype_wrongly_assigned/merging_11/metrics/unscaled/hvg/R/scanvi_embed,0.142539989376477,0.138527481104245
/tcells_atlas_subtype_wrongly_assigned/merging_12/metrics/unscaled/hvg/R/scanvi_embed,0.142539989376477,0.138527481104245
/tcells_atlas_subtype_wrongly_assigned/merging_13/metrics/unscaled/hvg/R/scanvi_embed,0.142539989376477,0.138527481104245
/tcells_atlas_subtype_wrongly_assigned/merging_14/metrics/unscaled/hvg/R/scanvi_embed,0.142539989376477,0.138527481104245
/tcells_atlas_subtype_wrongly_assigned/merging_15/metrics/unscaled/hvg/R/scanvi_embed,0.142539989376477,0.138527481104245
/tcells_atlas_subtype_wrongly_assigned/merging_16/metrics/unscaled/hvg/R/scanvi_embed,0.142539989376477,0.138527481104245
/tcells_atlas_subtype_wrongly_assigned/merging_17/metrics/unscaled/hvg/R/scanvi_embed,0.142539989376477,0.138527481104245
/lung_atlas_subtype_wrongly_assigned/original/metrics/unscaled/hvg/R/scanvi_embed,0.163908924311095,0.178401847032115
/lung_atlas_subtype_wrongly_assigned/neighbor_shuffled_20_unknown_15/metrics/unscaled/hvg/R/scanvi_embed,0.173671176423313,0.193057876773309
/lung_atlas_subtype_wrongly_assigned/merging_1/metrics/unscaled/hvg/R/scanvi_embed,0.16800487885728,0.182802374731741
/lung_atlas_subtype_wrongly_assigned/merging_2/metrics/unscaled/hvg/R/scanvi_embed,0.16857542485641,0.182824793720885
/lung_atlas_subtype_wrongly_assigned/merging_3/metrics/unscaled/hvg/R/scanvi_embed,0.169254420644235,0.1843353996849
/lung_atlas_subtype_wrongly_assigned/merging_4/metrics/unscaled/hvg/R/scanvi_embed,0.170597043529523,0.186305929391038
/lung_atlas_subtype_wrongly_assigned/merging_5/metrics/unscaled/hvg/R/scanvi_embed,0.171754200090188,0.187366103890444
/lung_atlas_subtype_wrongly_assigned/merging_6/metrics/unscaled/hvg/R/scanvi_embed,0.170836177892736,0.186439333199573
/lung_atlas_subtype_wrongly_assigned/merging_7/metrics/unscaled/hvg/R/scanvi_embed,0.171507258525002,0.186132389876665
/lung_atlas_subtype_wrongly_assigned/merging_8/metrics/unscaled/hvg/R/scanvi_embed,0.171083778808098,0.185585292106702
/lung_atlas_subtype_wrongly_assigned/merging_9/metrics/unscaled/hvg/R/scanvi_embed,0.1711291927248,0.186972332991517
/lung_atlas_subtype_wrongly_assigned/merging_10/metrics/unscaled/hvg/R/scanvi_embed,0.169391499643454,0.18611067971427
/lung_atlas_subtype_wrongly_assigned/merging_11/metrics/unscaled/hvg/R/scanvi_embed,0.169667602977252,0.184445231997197
/lung_atlas_subtype_wrongly_assigned/merging_12/metrics/unscaled/hvg/R/scanvi_embed,0.169993149047417,0.18615545950812
/lung_atlas_subtype_wrongly_assigned/merging_13/metrics/unscaled/hvg/R/scanvi_embed,0.171479188822595,0.187669761290018
/lung_atlas_subtype_wrongly_assigned/merging_14/metrics/unscaled/hvg/R/scanvi_embed,0.173513170913387,0.189319386607041
/lung_atlas_subtype_wrongly_assigned/merging_15/metrics/unscaled/hvg/R/scanvi_embed,0.174022007508989,0.192083236545005
/lung_atlas_subtype_wrongly_assigned/merging_16/metrics/unscaled/hvg/R/scanvi_embed,0.174022007508989,0.192083236545005
/lung_atlas_subtype_wrongly_assigned/merging_17/metrics/unscaled/hvg/R/scanvi_embed,0.174022007508989,0.192083236545005
/immune_cell_hum_subtype_wrongly_assigned/original/metrics/unscaled/hvg/R/scgen_full,0.328130579100485,0.400257848819962
/immune_cell_hum_subtype_wrongly_assigned/neighbor_shuffled_20_unknown_15/metrics/unscaled/hvg/R/scgen_full,0.294398960599577,0.356342624247192
/immune_cell_hum_subtype_wrongly_assigned/merging_1/metrics/unscaled/hvg/R/scgen_full,0.315860647795066,0.387822636526919
/immune_cell_hum_subtype_wrongly_assigned/merging_2/metrics/unscaled/hvg/R/scgen_full,0.312216529241124,0.371686472408019
/immune_cell_hum_subtype_wrongly_assigned/merging_3/metrics/unscaled/hvg/R/scgen_full,0.305354672446733,0.365502902371997
/immune_cell_hum_subtype_wrongly_assigned/merging_4/metrics/unscaled/hvg/R/scgen_full,0.29727084303816,0.353470662555699
/immune_cell_hum_subtype_wrongly_assigned/merging_5/metrics/unscaled/hvg/R/scgen_full,0.295078778316285,0.337425949942037
/immune_cell_hum_subtype_wrongly_assigned/merging_6/metrics/unscaled/hvg/R/scgen_full,0.242566572744827,0.319778349175982
/immune_cell_hum_subtype_wrongly_assigned/merging_7/metrics/unscaled/hvg/R/scgen_full,0.242526440534642,0.314957938632695
/immune_cell_hum_subtype_wrongly_assigned/merging_8/metrics/unscaled/hvg/R/scgen_full,0.237069153354443,0.309301602594175
/immune_cell_hum_subtype_wrongly_assigned/merging_9/metrics/unscaled/hvg/R/scgen_full,0.232148871306966,0.287374675069247
/immune_cell_hum_subtype_wrongly_assigned/merging_10/metrics/unscaled/hvg/R/scgen_full,0.231886872475883,0.273040897617908
/immune_cell_hum_subtype_wrongly_assigned/merging_11/metrics/unscaled/hvg/R/scgen_full,0.226704095309551,0.266120075835235
/immune_cell_hum_subtype_wrongly_assigned/merging_12/metrics/unscaled/hvg/R/scgen_full,0.217013117265088,0.215461539730346
/immune_cell_hum_subtype_wrongly_assigned/merging_13/metrics/unscaled/hvg/R/scgen_full,0.210961730140263,0.200462694688434
/immune_cell_hum_subtype_wrongly_assigned/merging_14/metrics/unscaled/hvg/R/scgen_full,0.197337096070026,0.189629187645038
/immune_cell_hum_subtype_wrongly_assigned/merging_15/metrics/unscaled/hvg/R/scgen_full,0.134755064663007,0.186771048093495
/immune_cell_hum_subtype_wrongly_assigned/merging_16/metrics/unscaled/hvg/R/scgen_full,0.134755064663007,0.186771048093495
/immune_cell_hum_subtype_wrongly_assigned/merging_17/metrics/unscaled/hvg/R/scgen_full,0.134755064663007,0.186771048093495
/human_pancreas_subtype_wrongly_assigned/original/metrics/unscaled/hvg/R/scgen_full,0.429318074568013,0.495229237151245
/human_pancreas_subtype_wrongly_assigned/neighbor_shuffled_20_unknown_15/metrics/unscaled/hvg/R/scgen_full,0.402980806041435,0.475252369974362
/human_pancreas_subtype_wrongly_assigned/merging_1/metrics/unscaled/hvg/R/scgen_full,0.414163163791338,0.475873560445128
/human_pancreas_subtype_wrongly_assigned/merging_2/metrics/unscaled/hvg/R/scgen_full,0.396160049037181,0.46836895497566
/human_pancreas_subtype_wrongly_assigned/merging_3/metrics/unscaled/hvg/R/scgen_full,0.336005038825374,0.453424609582475
/human_pancreas_subtype_wrongly_assigned/merging_4/metrics/unscaled/hvg/R/scgen_full,0.310858521497348,0.439233088586516
/human_pancreas_subtype_wrongly_assigned/merging_5/metrics/unscaled/hvg/R/scgen_full,0.307891215533943,0.430267284952922
/human_pancreas_subtype_wrongly_assigned/merging_6/metrics/unscaled/hvg/R/scgen_full,0.308208350992283,0.431241640635372
/human_pancreas_subtype_wrongly_assigned/merging_7/metrics/unscaled/hvg/R/scgen_full,0.307549828894999,0.428796659963188
/human_pancreas_subtype_wrongly_assigned/merging_8/metrics/unscaled/hvg/R/scgen_full,0.303663537355526,0.416875297115155
/human_pancreas_subtype_wrongly_assigned/merging_9/metrics/unscaled/hvg/R/scgen_full,0.303601886714219,0.403441894683418
/human_pancreas_subtype_wrongly_assigned/merging_10/metrics/unscaled/hvg/R/scgen_full,0.303248970754,0.39947926938165
/human_pancreas_subtype_wrongly_assigned/merging_11/metrics/unscaled/hvg/R/scgen_full,0.16778579442705,0.350276614080104
/human_pancreas_subtype_wrongly_assigned/merging_12/metrics/unscaled/hvg/R/scgen_full,0.16631108166769,0.339002860053737
/human_pancreas_subtype_wrongly_assigned/merging_13/metrics/unscaled/hvg/R/scgen_full,0.166296252099758,0.339008221707453
/human_pancreas_subtype_wrongly_assigned/merging_14/metrics/unscaled/hvg/R/scgen_full,0.166296252099758,0.339008221707453
/human_pancreas_subtype_wrongly_assigned/merging_15/metrics/unscaled/hvg/R/scgen_full,0.166296252099758,0.339008221707453
/human_pancreas_subtype_wrongly_assigned/merging_16/metrics/unscaled/hvg/R/scgen_full,0.166296252099758,0.339008221707453
/human_pancreas_subtype_wrongly_assigned/merging_17/metrics/unscaled/hvg/R/scgen_full,0.166296252099758,0.339008221707453
/tcells_atlas_subtype_wrongly_assigned/original/metrics/unscaled/hvg/R/scgen_full,0.203429569463957,0.206670393153262
/tcells_atlas_subtype_wrongly_assigned/neighbor_shuffled_20_unknown_15/metrics/unscaled/hvg/R/scgen_full,0.185878488192956,0.184480489804309
/tcells_atlas_subtype_wrongly_assigned/merging_1/metrics/unscaled/hvg/R/scgen_full,0.199125878960107,0.198900527776276
/tcells_atlas_subtype_wrongly_assigned/merging_2/metrics/unscaled/hvg/R/scgen_full,0.184007301187547,0.181992776301123
/tcells_atlas_subtype_wrongly_assigned/merging_3/metrics/unscaled/hvg/R/scgen_full,0.181426799985315,0.17567149491749
/tcells_atlas_subtype_wrongly_assigned/merging_4/metrics/unscaled/hvg/R/scgen_full,0.161038185951148,0.169369216011064
/tcells_atlas_subtype_wrongly_assigned/merging_5/metrics/unscaled/hvg/R/scgen_full,0.158792414991495,0.1638015282841
/tcells_atlas_subtype_wrongly_assigned/merging_6/metrics/unscaled/hvg/R/scgen_full,0.130709685164119,0.134517595025107
/tcells_atlas_subtype_wrongly_assigned/merging_7/metrics/unscaled/hvg/R/scgen_full,0.124996679739661,0.127004626882961
/tcells_atlas_subtype_wrongly_assigned/merging_8/metrics/unscaled/hvg/R/scgen_full,0.0992697427755459,0.105953198943399
/tcells_atlas_subtype_wrongly_assigned/merging_9/metrics/unscaled/hvg/R/scgen_full,0.0992697427755459,0.105953198943399
/tcells_atlas_subtype_wrongly_assigned/merging_10/metrics/unscaled/hvg/R/scgen_full,0.0992697427755459,0.105953198943399
/tcells_atlas_subtype_wrongly_assigned/merging_11/metrics/unscaled/hvg/R/scgen_full,0.0992697427755459,0.105953198943399
/tcells_atlas_subtype_wrongly_assigned/merging_12/metrics/unscaled/hvg/R/scgen_full,0.0992697427755459,0.105953198943399
/tcells_atlas_subtype_wrongly_assigned/merging_13/metrics/unscaled/hvg/R/scgen_full,0.0992697427755459,0.105953198943399
/tcells_atlas_subtype_wrongly_assigned/merging_14/metrics/unscaled/hvg/R/scgen_full,0.0992697427755459,0.105953198943399
/tcells_atlas_subtype_wrongly_assigned/merging_15/metrics/unscaled/hvg/R/scgen_full,0.0992697427755459,0.105953198943399
/tcells_atlas_subtype_wrongly_assigned/merging_16/metrics/unscaled/hvg/R/scgen_full,0.0992697427755459,0.105953198943399
/tcells_atlas_subtype_wrongly_assigned/merging_17/metrics/unscaled/hvg/R/scgen_full,0.0992697427755459,0.105953198943399
/lung_atlas_subtype_wrongly_assigned/original/metrics/unscaled/hvg/R/scgen_full,0.215308113813068,0.267144370798847
/lung_atlas_subtype_wrongly_assigned/neighbor_shuffled_20_unknown_15/metrics/unscaled/hvg/R/scgen_full,0.201205091238432,0.236874915746907
/lung_atlas_subtype_wrongly_assigned/merging_1/metrics/unscaled/hvg/R/scgen_full,0.21581766679675,0.266272308012109
/lung_atlas_subtype_wrongly_assigned/merging_2/metrics/unscaled/hvg/R/scgen_full,0.210274775421696,0.259871377386807
/lung_atlas_subtype_wrongly_assigned/merging_3/metrics/unscaled/hvg/R/scgen_full,0.203215170190823,0.254322375676463
/lung_atlas_subtype_wrongly_assigned/merging_4/metrics/unscaled/hvg/R/scgen_full,0.198845787857533,0.242839535192328
/lung_atlas_subtype_wrongly_assigned/merging_5/metrics/unscaled/hvg/R/scgen_full,0.188494801306974,0.234631070611157
/lung_atlas_subtype_wrongly_assigned/merging_6/metrics/unscaled/hvg/R/scgen_full,0.1813137016017,0.222540124671543
/lung_atlas_subtype_wrongly_assigned/merging_7/metrics/unscaled/hvg/R/scgen_full,0.180264815764126,0.221311826653857
/lung_atlas_subtype_wrongly_assigned/merging_8/metrics/unscaled/hvg/R/scgen_full,0.179972467578532,0.21590293819996
/lung_atlas_subtype_wrongly_assigned/merging_9/metrics/unscaled/hvg/R/scgen_full,0.174259226362253,0.208008450297466
/lung_atlas_subtype_wrongly_assigned/merging_10/metrics/unscaled/hvg/R/scgen_full,0.167071320465718,0.183710389658611
/lung_atlas_subtype_wrongly_assigned/merging_11/metrics/unscaled/hvg/R/scgen_full,0.160888997478735,0.168141629685803
/lung_atlas_subtype_wrongly_assigned/merging_12/metrics/unscaled/hvg/R/scgen_full,0.154397407856178,0.158870953353622
/lung_atlas_subtype_wrongly_assigned/merging_13/metrics/unscaled/hvg/R/scgen_full,0.138114055155911,0.148665021324482
/lung_atlas_subtype_wrongly_assigned/merging_14/metrics/unscaled/hvg/R/scgen_full,0.129526916159072,0.142002148951078
/lung_atlas_subtype_wrongly_assigned/merging_15/metrics/unscaled/hvg/R/scgen_full,0.103121599111857,0.124631352612103
/lung_atlas_subtype_wrongly_assigned/merging_16/metrics/unscaled/hvg/R/scgen_full,0.103121599111857,0.124631352612103
/lung_atlas_subtype_wrongly_assigned/merging_17/metrics/unscaled/hvg/R/scgen_full,0.103121599111857,0.124631352612103
/immune_cell_hum_subtype_wrongly_assigned/original/metrics/scaled/hvg/R/scgen_full,0.364885513514848,0.400045922771586
/immune_cell_hum_subtype_wrongly_assigned/neighbor_shuffled_20_unknown_15/metrics/scaled/hvg/R/scgen_full,0.336506222960119,0.362702533313066
/immune_cell_hum_subtype_wrongly_assigned/merging_1/metrics/scaled/hvg/R/scgen_full,0.355863360933725,0.390800067038024
/immune_cell_hum_subtype_wrongly_assigned/merging_2/metrics/scaled/hvg/R/scgen_full,0.353464279190514,0.380754447185678
/immune_cell_hum_subtype_wrongly_assigned/merging_3/metrics/scaled/hvg/R/scgen_full,0.345476457841901,0.374038203366456
/immune_cell_hum_subtype_wrongly_assigned/merging_4/metrics/scaled/hvg/R/scgen_full,0.341020673870173,0.366563405749193
/immune_cell_hum_subtype_wrongly_assigned/merging_5/metrics/scaled/hvg/R/scgen_full,0.33996203896082,0.35961509938836
/immune_cell_hum_subtype_wrongly_assigned/merging_6/metrics/scaled/hvg/R/scgen_full,0.283879685650633,0.344708177161767
/immune_cell_hum_subtype_wrongly_assigned/merging_7/metrics/scaled/hvg/R/scgen_full,0.284934819986315,0.349482812409726
/immune_cell_hum_subtype_wrongly_assigned/merging_8/metrics/scaled/hvg/R/scgen_full,0.279797468229125,0.344490161517768
/immune_cell_hum_subtype_wrongly_assigned/merging_9/metrics/scaled/hvg/R/scgen_full,0.273849091276936,0.319165472458525
/immune_cell_hum_subtype_wrongly_assigned/merging_10/metrics/scaled/hvg/R/scgen_full,0.276539226473113,0.310135191729718
/immune_cell_hum_subtype_wrongly_assigned/merging_11/metrics/scaled/hvg/R/scgen_full,0.27996222603562,0.310574428261504
/immune_cell_hum_subtype_wrongly_assigned/merging_12/metrics/scaled/hvg/R/scgen_full,0.27361100659111,0.277465577279539
/immune_cell_hum_subtype_wrongly_assigned/merging_13/metrics/scaled/hvg/R/scgen_full,0.27088309154304,0.268489022602636
/immune_cell_hum_subtype_wrongly_assigned/merging_14/metrics/scaled/hvg/R/scgen_full,0.236604867812416,0.236885493596788
/immune_cell_hum_subtype_wrongly_assigned/merging_15/metrics/scaled/hvg/R/scgen_full,0.194781742013333,0.229016732445371
/immune_cell_hum_subtype_wrongly_assigned/merging_16/metrics/scaled/hvg/R/scgen_full,0.194781742013333,0.229016732445371
/immune_cell_hum_subtype_wrongly_assigned/merging_17/metrics/scaled/hvg/R/scgen_full,0.194781742013333,0.229016732445371
/human_pancreas_subtype_wrongly_assigned/original/metrics/scaled/hvg/R/scgen_full,0.411860629929788,0.475611895370167
/human_pancreas_subtype_wrongly_assigned/neighbor_shuffled_20_unknown_15/metrics/scaled/hvg/R/scgen_full,0.38222178522476,0.451905784969363
/human_pancreas_subtype_wrongly_assigned/merging_1/metrics/scaled/hvg/R/scgen_full,0.399653097061085,0.460050053675817
/human_pancreas_subtype_wrongly_assigned/merging_2/metrics/scaled/hvg/R/scgen_full,0.376307439827767,0.447687221108868
/human_pancreas_subtype_wrongly_assigned/merging_3/metrics/scaled/hvg/R/scgen_full,0.302712080812132,0.430039271281955
/human_pancreas_subtype_wrongly_assigned/merging_4/metrics/scaled/hvg/R/scgen_full,0.288609359088188,0.42192451128463
/human_pancreas_subtype_wrongly_assigned/merging_5/metrics/scaled/hvg/R/scgen_full,0.286871252247445,0.416686904965565
/human_pancreas_subtype_wrongly_assigned/merging_6/metrics/scaled/hvg/R/scgen_full,0.286546133341312,0.414979797054277
/human_pancreas_subtype_wrongly_assigned/merging_7/metrics/scaled/hvg/R/scgen_full,0.286446749691218,0.414457523283876
/human_pancreas_subtype_wrongly_assigned/merging_8/metrics/scaled/hvg/R/scgen_full,0.283443779774415,0.406037622190178
/human_pancreas_subtype_wrongly_assigned/merging_9/metrics/scaled/hvg/R/scgen_full,0.282921057125304,0.394650752077404
/human_pancreas_subtype_wrongly_assigned/merging_10/metrics/scaled/hvg/R/scgen_full,0.282543497817369,0.388275856615148
/human_pancreas_subtype_wrongly_assigned/merging_11/metrics/scaled/hvg/R/scgen_full,0.167802956384415,0.339269309446174
/human_pancreas_subtype_wrongly_assigned/merging_12/metrics/scaled/hvg/R/scgen_full,0.151579496508049,0.316707993667688
/human_pancreas_subtype_wrongly_assigned/merging_13/metrics/scaled/hvg/R/scgen_full,0.151669672412349,0.316685903255404
/human_pancreas_subtype_wrongly_assigned/merging_14/metrics/scaled/hvg/R/scgen_full,0.151669672412349,0.316685903255404
/human_pancreas_subtype_wrongly_assigned/merging_15/metrics/scaled/hvg/R/scgen_full,0.151669672412349,0.316685903255404
/human_pancreas_subtype_wrongly_assigned/merging_16/metrics/scaled/hvg/R/scgen_full,0.151669672412349,0.316685903255404
/human_pancreas_subtype_wrongly_assigned/merging_17/metrics/scaled/hvg/R/scgen_full,0.151669672412349,0.316685903255404
/tcells_atlas_subtype_wrongly_assigned/original/metrics/scaled/hvg/R/scgen_full,0.164576874899712,0.154827714951752
/tcells_atlas_subtype_wrongly_assigned/neighbor_shuffled_20_unknown_15/metrics/scaled/hvg/R/scgen_full,0.152274211569149,0.143357415277418
/tcells_atlas_subtype_wrongly_assigned/merging_1/metrics/scaled/hvg/R/scgen_full,0.162895857737418,0.150929559905506
/tcells_atlas_subtype_wrongly_assigned/merging_2/metrics/scaled/hvg/R/scgen_full,0.157595911726969,0.144512363026912
/tcells_atlas_subtype_wrongly_assigned/merging_3/metrics/scaled/hvg/R/scgen_full,0.156490494442727,0.142070719193668
/tcells_atlas_subtype_wrongly_assigned/merging_4/metrics/scaled/hvg/R/scgen_full,0.13676987557076,0.134825254012107
/tcells_atlas_subtype_wrongly_assigned/merging_5/metrics/scaled/hvg/R/scgen_full,0.135903798399064,0.132498396461475
/tcells_atlas_subtype_wrongly_assigned/merging_6/metrics/scaled/hvg/R/scgen_full,0.110018739718623,0.109523574692146
/tcells_atlas_subtype_wrongly_assigned/merging_7/metrics/scaled/hvg/R/scgen_full,0.107083561640164,0.108144685669623
/tcells_atlas_subtype_wrongly_assigned/merging_8/metrics/scaled/hvg/R/scgen_full,0.0731503339441073,0.0828159969015953
/tcells_atlas_subtype_wrongly_assigned/merging_9/metrics/scaled/hvg/R/scgen_full,0.0731503339441073,0.0828159969015953
/tcells_atlas_subtype_wrongly_assigned/merging_10/metrics/scaled/hvg/R/scgen_full,0.0731503339441073,0.0828159969015953
/tcells_atlas_subtype_wrongly_assigned/merging_11/metrics/scaled/hvg/R/scgen_full,0.0731503339441073,0.0828159969015953
/tcells_atlas_subtype_wrongly_assigned/merging_12/metrics/scaled/hvg/R/scgen_full,0.0731503339441073,0.0828159969015953
/tcells_atlas_subtype_wrongly_assigned/merging_13/metrics/scaled/hvg/R/scgen_full,0.0731503339441073,0.0828159969015953
/tcells_atlas_subtype_wrongly_assigned/merging_14/metrics/scaled/hvg/R/scgen_full,0.0731503339441073,0.0828159969015953
/tcells_atlas_subtype_wrongly_assigned/merging_15/metrics/scaled/hvg/R/scgen_full,0.0731503339441073,0.0828159969015953
/tcells_atlas_subtype_wrongly_assigned/merging_16/metrics/scaled/hvg/R/scgen_full,0.0731503339441073,0.0828159969015953
/tcells_atlas_subtype_wrongly_assigned/merging_17/metrics/scaled/hvg/R/scgen_full,0.0731503339441073,0.0828159969015953
/lung_atlas_subtype_wrongly_assigned/original/metrics/scaled/hvg/R/scgen_full,0.201760545794677,0.232524362088119
/lung_atlas_subtype_wrongly_assigned/neighbor_shuffled_20_unknown_15/metrics/scaled/hvg/R/scgen_full,0.191093674606111,0.211048613564984
/lung_atlas_subtype_wrongly_assigned/merging_1/metrics/scaled/hvg/R/scgen_full,0.201339041307366,0.231808429730355
/lung_atlas_subtype_wrongly_assigned/merging_2/metrics/scaled/hvg/R/scgen_full,0.198645307414008,0.228452761044579
/lung_atlas_subtype_wrongly_assigned/merging_3/metrics/scaled/hvg/R/scgen_full,0.194166779734157,0.224422047809421
/lung_atlas_subtype_wrongly_assigned/merging_4/metrics/scaled/hvg/R/scgen_full,0.191343700907718,0.214887362638431
/lung_atlas_subtype_wrongly_assigned/merging_5/metrics/scaled/hvg/R/scgen_full,0.182807974348683,0.207428138392073
/lung_atlas_subtype_wrongly_assigned/merging_6/metrics/scaled/hvg/R/scgen_full,0.178904201852869,0.201235076913253
/lung_atlas_subtype_wrongly_assigned/merging_7/metrics/scaled/hvg/R/scgen_full,0.177862325732895,0.200238732941122
/lung_atlas_subtype_wrongly_assigned/merging_8/metrics/scaled/hvg/R/scgen_full,0.178031702057955,0.197338661114243
/lung_atlas_subtype_wrongly_assigned/merging_9/metrics/scaled/hvg/R/scgen_full,0.176424195559155,0.194212012562973
/lung_atlas_subtype_wrongly_assigned/merging_10/metrics/scaled/hvg/R/scgen_full,0.17303798072824,0.18043256427287
/lung_atlas_subtype_wrongly_assigned/merging_11/metrics/scaled/hvg/R/scgen_full,0.168979589876034,0.170277390430625
/lung_atlas_subtype_wrongly_assigned/merging_12/metrics/scaled/hvg/R/scgen_full,0.159760413257378,0.160313050574227
/lung_atlas_subtype_wrongly_assigned/merging_13/metrics/scaled/hvg/R/scgen_full,0.134533594141804,0.143577963320814
/lung_atlas_subtype_wrongly_assigned/merging_14/metrics/scaled/hvg/R/scgen_full,0.123991675004231,0.134017563426873
/lung_atlas_subtype_wrongly_assigned/merging_15/metrics/scaled/hvg/R/scgen_full,0.0913673132347989,0.114911899975553
/lung_atlas_subtype_wrongly_assigned/merging_16/metrics/scaled/hvg/R/scgen_full,0.0913673132347989,0.114911899975553
/lung_atlas_subtype_wrongly_assigned/merging_17/metrics/scaled/hvg/R/scgen_full,0.0913673132347989,0.114911899975553
/immune_cell_hum_subtype_wrongly_assigned/original/metrics/unscaled/hvg/R/semiSupSTACAS_embed,0.320598296879629,0.375747413167574
/immune_cell_hum_subtype_wrongly_assigned/neighbor_shuffled_20_unknown_15/metrics/unscaled/hvg/R/semiSupSTACAS_embed,0.312100213167167,0.37235066520047
/immune_cell_hum_subtype_wrongly_assigned/merging_1/metrics/unscaled/hvg/R/semiSupSTACAS_embed,0.32656455673722,0.378355103355628
/immune_cell_hum_subtype_wrongly_assigned/merging_2/metrics/unscaled/hvg/R/semiSupSTACAS_embed,0.326391090045446,0.378063789037844
/immune_cell_hum_subtype_wrongly_assigned/merging_3/metrics/unscaled/hvg/R/semiSupSTACAS_embed,0.323892663095017,0.377640192035771
/immune_cell_hum_subtype_wrongly_assigned/merging_4/metrics/unscaled/hvg/R/semiSupSTACAS_embed,0.321996237350385,0.376574476051855
/immune_cell_hum_subtype_wrongly_assigned/merging_5/metrics/unscaled/hvg/R/semiSupSTACAS_embed,0.32192979413408,0.376362276669551
/immune_cell_hum_subtype_wrongly_assigned/merging_6/metrics/unscaled/hvg/R/semiSupSTACAS_embed,0.321964919357194,0.376222773960413
/immune_cell_hum_subtype_wrongly_assigned/merging_7/metrics/unscaled/hvg/R/semiSupSTACAS_embed,0.32190647737775,0.376454474672051
/immune_cell_hum_subtype_wrongly_assigned/merging_8/metrics/unscaled/hvg/R/semiSupSTACAS_embed,0.322456159192742,0.378470898222061
/immune_cell_hum_subtype_wrongly_assigned/merging_9/metrics/unscaled/hvg/R/semiSupSTACAS_embed,0.316554151042003,0.374228186715669
/immune_cell_hum_subtype_wrongly_assigned/merging_10/metrics/unscaled/hvg/R/semiSupSTACAS_embed,0.3167700371705,0.37433807562957
/immune_cell_hum_subtype_wrongly_assigned/merging_11/metrics/unscaled/hvg/R/semiSupSTACAS_embed,0.31598503639281,0.373938015098976
/immune_cell_hum_subtype_wrongly_assigned/merging_12/metrics/unscaled/hvg/R/semiSupSTACAS_embed,0.315827880722296,0.373212720717262
/immune_cell_hum_subtype_wrongly_assigned/merging_13/metrics/unscaled/hvg/R/semiSupSTACAS_embed,0.315974329435718,0.373557464728624
/immune_cell_hum_subtype_wrongly_assigned/merging_14/metrics/unscaled/hvg/R/semiSupSTACAS_embed,0.316090720071138,0.373779700105105
/immune_cell_hum_subtype_wrongly_assigned/merging_15/metrics/unscaled/hvg/R/semiSupSTACAS_embed,0.317678538773379,0.377251615686288
/immune_cell_hum_subtype_wrongly_assigned/merging_16/metrics/unscaled/hvg/R/semiSupSTACAS_embed,0.317678538773379,0.377251615686288
/immune_cell_hum_subtype_wrongly_assigned/merging_17/metrics/unscaled/hvg/R/semiSupSTACAS_embed,0.317678538773379,0.377251615686288
/human_pancreas_subtype_wrongly_assigned/original/metrics/unscaled/hvg/R/semiSupSTACAS_embed,0.310140808048707,0.420505029623515
/human_pancreas_subtype_wrongly_assigned/neighbor_shuffled_20_unknown_15/metrics/unscaled/hvg/R/semiSupSTACAS_embed,0.301581687342122,0.414624217434818
/human_pancreas_subtype_wrongly_assigned/merging_1/metrics/unscaled/hvg/R/semiSupSTACAS_embed,0.310179949699115,0.420544288361954
/human_pancreas_subtype_wrongly_assigned/merging_2/metrics/unscaled/hvg/R/semiSupSTACAS_embed,0.310131741205572,0.420166105419392
/human_pancreas_subtype_wrongly_assigned/merging_3/metrics/unscaled/hvg/R/semiSupSTACAS_embed,0.309226000730548,0.420495548893239
/human_pancreas_subtype_wrongly_assigned/merging_4/metrics/unscaled/hvg/R/semiSupSTACAS_embed,0.308079215383646,0.420080886383628
/human_pancreas_subtype_wrongly_assigned/merging_5/metrics/unscaled/hvg/R/semiSupSTACAS_embed,0.308249320483041,0.420040957275918
/human_pancreas_subtype_wrongly_assigned/merging_6/metrics/unscaled/hvg/R/semiSupSTACAS_embed,0.307556956649187,0.423447550823009
/human_pancreas_subtype_wrongly_assigned/merging_7/metrics/unscaled/hvg/R/semiSupSTACAS_embed,0.307556956649187,0.423447550823009
/human_pancreas_subtype_wrongly_assigned/merging_8/metrics/unscaled/hvg/R/semiSupSTACAS_embed,0.307541379839887,0.423861510631348
/human_pancreas_subtype_wrongly_assigned/merging_9/metrics/unscaled/hvg/R/semiSupSTACAS_embed,0.307264418469531,0.423513414239231
/human_pancreas_subtype_wrongly_assigned/merging_10/metrics/unscaled/hvg/R/semiSupSTACAS_embed,0.307233909278814,0.422275947147082
/human_pancreas_subtype_wrongly_assigned/merging_11/metrics/unscaled/hvg/R/semiSupSTACAS_embed,0.306866898703807,0.421615985379074
/human_pancreas_subtype_wrongly_assigned/merging_12/metrics/unscaled/hvg/R/semiSupSTACAS_embed,0.306454868377041,0.420706737733427
/human_pancreas_subtype_wrongly_assigned/merging_13/metrics/unscaled/hvg/R/semiSupSTACAS_embed,0.306444772171853,0.420770773725265
/human_pancreas_subtype_wrongly_assigned/merging_14/metrics/unscaled/hvg/R/semiSupSTACAS_embed,0.306444772171853,0.420770773725265
/human_pancreas_subtype_wrongly_assigned/merging_15/metrics/unscaled/hvg/R/semiSupSTACAS_embed,0.306444772171853,0.420770773725265
/human_pancreas_subtype_wrongly_assigned/merging_16/metrics/unscaled/hvg/R/semiSupSTACAS_embed,0.306444772171853,0.420770773725265
/human_pancreas_subtype_wrongly_assigned/merging_17/metrics/unscaled/hvg/R/semiSupSTACAS_embed,0.306444772171853,0.420770773725265
/tcells_atlas_subtype_wrongly_assigned/original/metrics/unscaled/hvg/R/semiSupSTACAS_embed,0.13686905659579,0.148268509517648
/tcells_atlas_subtype_wrongly_assigned/neighbor_shuffled_20_unknown_15/metrics/unscaled/hvg/R/semiSupSTACAS_embed,0.134599920963444,0.147498458430796
/tcells_atlas_subtype_wrongly_assigned/merging_1/metrics/unscaled/hvg/R/semiSupSTACAS_embed,0.138115632532596,0.150659724079629
/tcells_atlas_subtype_wrongly_assigned/merging_2/metrics/unscaled/hvg/R/semiSupSTACAS_embed,0.138396258684476,0.151192011865035
/tcells_atlas_subtype_wrongly_assigned/merging_3/metrics/unscaled/hvg/R/semiSupSTACAS_embed,0.138818948506068,0.151726656002483
/tcells_atlas_subtype_wrongly_assigned/merging_4/metrics/unscaled/hvg/R/semiSupSTACAS_embed,0.139891414529692,0.152562220591306
/tcells_atlas_subtype_wrongly_assigned/merging_5/metrics/unscaled/hvg/R/semiSupSTACAS_embed,0.13995251564347,0.152804131913789
/tcells_atlas_subtype_wrongly_assigned/merging_6/metrics/unscaled/hvg/R/semiSupSTACAS_embed,0.142771411163398,0.155337023707324
/tcells_atlas_subtype_wrongly_assigned/merging_7/metrics/unscaled/hvg/R/semiSupSTACAS_embed,0.14266664368968,0.155797990869813
/tcells_atlas_subtype_wrongly_assigned/merging_8/metrics/unscaled/hvg/R/semiSupSTACAS_embed,0.141841538246849,0.154778355024521
/tcells_atlas_subtype_wrongly_assigned/merging_9/metrics/unscaled/hvg/R/semiSupSTACAS_embed,0.141841538246849,0.154778355024521
/tcells_atlas_subtype_wrongly_assigned/merging_10/metrics/unscaled/hvg/R/semiSupSTACAS_embed,0.141841538246849,0.154778355024521
/tcells_atlas_subtype_wrongly_assigned/merging_11/metrics/unscaled/hvg/R/semiSupSTACAS_embed,0.141841538246849,0.154778355024521
/tcells_atlas_subtype_wrongly_assigned/merging_12/metrics/unscaled/hvg/R/semiSupSTACAS_embed,0.141841538246849,0.154778355024521
/tcells_atlas_subtype_wrongly_assigned/merging_13/metrics/unscaled/hvg/R/semiSupSTACAS_embed,0.141841538246849,0.154778355024521
/tcells_atlas_subtype_wrongly_assigned/merging_14/metrics/unscaled/hvg/R/semiSupSTACAS_embed,0.141841538246849,0.154778355024521
/tcells_atlas_subtype_wrongly_assigned/merging_15/metrics/unscaled/hvg/R/semiSupSTACAS_embed,0.141841538246849,0.154778355024521
/tcells_atlas_subtype_wrongly_assigned/merging_16/metrics/unscaled/hvg/R/semiSupSTACAS_embed,0.141841538246849,0.154778355024521
/tcells_atlas_subtype_wrongly_assigned/merging_17/metrics/unscaled/hvg/R/semiSupSTACAS_embed,0.141841538246849,0.154778355024521
/lung_atlas_subtype_wrongly_assigned/original/metrics/unscaled/hvg/R/semiSupSTACAS_embed,0.181015006063927,0.220597298582775
/lung_atlas_subtype_wrongly_assigned/neighbor_shuffled_20_unknown_15/metrics/unscaled/hvg/R/semiSupSTACAS_embed,0.177416347461315,0.222024534957978
/lung_atlas_subtype_wrongly_assigned/merging_1/metrics/unscaled/hvg/R/semiSupSTACAS_embed,0.180291582759091,0.219863266684803
/lung_atlas_subtype_wrongly_assigned/merging_2/metrics/unscaled/hvg/R/semiSupSTACAS_embed,0.180693230499382,0.220215902506174
/lung_atlas_subtype_wrongly_assigned/merging_3/metrics/unscaled/hvg/R/semiSupSTACAS_embed,0.172734963688938,0.207961218681011
/lung_atlas_subtype_wrongly_assigned/merging_4/metrics/unscaled/hvg/R/semiSupSTACAS_embed,0.1714320436151,0.206283096145133
/lung_atlas_subtype_wrongly_assigned/merging_5/metrics/unscaled/hvg/R/semiSupSTACAS_embed,0.181332382982597,0.221219646881623
/lung_atlas_subtype_wrongly_assigned/merging_6/metrics/unscaled/hvg/R/semiSupSTACAS_embed,0.181383457503434,0.221143323131041
/lung_atlas_subtype_wrongly_assigned/merging_7/metrics/unscaled/hvg/R/semiSupSTACAS_embed,0.174604032175997,0.209731752168713
/lung_atlas_subtype_wrongly_assigned/merging_8/metrics/unscaled/hvg/R/semiSupSTACAS_embed,0.174469435822114,0.209481986743443
/lung_atlas_subtype_wrongly_assigned/merging_9/metrics/unscaled/hvg/R/semiSupSTACAS_embed,0.174306211313443,0.209108105640243
/lung_atlas_subtype_wrongly_assigned/merging_10/metrics/unscaled/hvg/R/semiSupSTACAS_embed,0.174260291051915,0.209102150509284
/lung_atlas_subtype_wrongly_assigned/merging_11/metrics/unscaled/hvg/R/semiSupSTACAS_embed,0.174796351631658,0.210743995350731
/lung_atlas_subtype_wrongly_assigned/merging_12/metrics/unscaled/hvg/R/semiSupSTACAS_embed,0.178009815636253,0.21728751571021
/lung_atlas_subtype_wrongly_assigned/merging_13/metrics/unscaled/hvg/R/semiSupSTACAS_embed,0.177949714164217,0.217652792683977
/lung_atlas_subtype_wrongly_assigned/merging_14/metrics/unscaled/hvg/R/semiSupSTACAS_embed,0.178148680462842,0.217781188270469
/lung_atlas_subtype_wrongly_assigned/merging_15/metrics/unscaled/hvg/R/semiSupSTACAS_embed,0.176997533134202,0.214748774044703
/lung_atlas_subtype_wrongly_assigned/merging_16/metrics/unscaled/hvg/R/semiSupSTACAS_embed,0.176997533134202,0.214748774044703
/lung_atlas_subtype_wrongly_assigned/merging_17/metrics/unscaled/hvg/R/semiSupSTACAS_embed,0.176997533134202,0.214748774044703
/immune_cell_hum_subtype_wrongly_assigned/original/metrics/scaled/hvg/R/semiSupSTACAS_embed,0.307078095813115,0.362456997773242
/immune_cell_hum_subtype_wrongly_assigned/neighbor_shuffled_20_unknown_15/metrics/scaled/hvg/R/semiSupSTACAS_embed,0.302259004973591,0.355180438133337
/immune_cell_hum_subtype_wrongly_assigned/merging_1/metrics/scaled/hvg/R/semiSupSTACAS_embed,0.309443381831293,0.360570313486635
/immune_cell_hum_subtype_wrongly_assigned/merging_2/metrics/scaled/hvg/R/semiSupSTACAS_embed,0.309128564027598,0.360227769202312
/immune_cell_hum_subtype_wrongly_assigned/merging_3/metrics/scaled/hvg/R/semiSupSTACAS_embed,0.308030603519417,0.360363187075635
/immune_cell_hum_subtype_wrongly_assigned/merging_4/metrics/scaled/hvg/R/semiSupSTACAS_embed,0.309673054609999,0.360358012535385
/immune_cell_hum_subtype_wrongly_assigned/merging_5/metrics/scaled/hvg/R/semiSupSTACAS_embed,0.309718009834566,0.361069757183326
/immune_cell_hum_subtype_wrongly_assigned/merging_6/metrics/scaled/hvg/R/semiSupSTACAS_embed,0.309708752410276,0.360899528688047
/immune_cell_hum_subtype_wrongly_assigned/merging_7/metrics/scaled/hvg/R/semiSupSTACAS_embed,0.309868927956655,0.36101211676397
/immune_cell_hum_subtype_wrongly_assigned/merging_8/metrics/scaled/hvg/R/semiSupSTACAS_embed,0.309874021250633,0.362301636974516
/immune_cell_hum_subtype_wrongly_assigned/merging_9/metrics/scaled/hvg/R/semiSupSTACAS_embed,0.309881145969705,0.362216985331424
/immune_cell_hum_subtype_wrongly_assigned/merging_10/metrics/scaled/hvg/R/semiSupSTACAS_embed,0.309999038823594,0.362388721068495
/immune_cell_hum_subtype_wrongly_assigned/merging_11/metrics/scaled/hvg/R/semiSupSTACAS_embed,0.311342444611902,0.363152351218882
/immune_cell_hum_subtype_wrongly_assigned/merging_12/metrics/scaled/hvg/R/semiSupSTACAS_embed,0.311660168436105,0.363916189860241
/immune_cell_hum_subtype_wrongly_assigned/merging_13/metrics/scaled/hvg/R/semiSupSTACAS_embed,0.311666762507816,0.363738933965058
/immune_cell_hum_subtype_wrongly_assigned/merging_14/metrics/scaled/hvg/R/semiSupSTACAS_embed,0.310496262580156,0.364307140158316
/immune_cell_hum_subtype_wrongly_assigned/merging_15/metrics/scaled/hvg/R/semiSupSTACAS_embed,0.309902201828054,0.363984424087368
/immune_cell_hum_subtype_wrongly_assigned/merging_16/metrics/scaled/hvg/R/semiSupSTACAS_embed,0.309902201828054,0.363984424087368
/immune_cell_hum_subtype_wrongly_assigned/merging_17/metrics/scaled/hvg/R/semiSupSTACAS_embed,0.309902201828054,0.363984424087368
/human_pancreas_subtype_wrongly_assigned/original/metrics/scaled/hvg/R/semiSupSTACAS_embed,0.387415483756596,0.444269186570848
/human_pancreas_subtype_wrongly_assigned/neighbor_shuffled_20_unknown_15/metrics/scaled/hvg/R/semiSupSTACAS_embed,0.377065360637377,0.438960152023765
/human_pancreas_subtype_wrongly_assigned/merging_1/metrics/scaled/hvg/R/semiSupSTACAS_embed,0.387415483756596,0.444269186570848
/human_pancreas_subtype_wrongly_assigned/merging_2/metrics/scaled/hvg/R/semiSupSTACAS_embed,0.387557239363583,0.444368373138392
/human_pancreas_subtype_wrongly_assigned/merging_3/metrics/scaled/hvg/R/semiSupSTACAS_embed,0.38627442445553,0.444508593389832
/human_pancreas_subtype_wrongly_assigned/merging_4/metrics/scaled/hvg/R/semiSupSTACAS_embed,0.384171524260363,0.443270536547824
/human_pancreas_subtype_wrongly_assigned/merging_5/metrics/scaled/hvg/R/semiSupSTACAS_embed,0.38417221510703,0.443279412632325
/human_pancreas_subtype_wrongly_assigned/merging_6/metrics/scaled/hvg/R/semiSupSTACAS_embed,0.384214293278966,0.442881090583964
/human_pancreas_subtype_wrongly_assigned/merging_7/metrics/scaled/hvg/R/semiSupSTACAS_embed,0.384214293278966,0.442881090583964
/human_pancreas_subtype_wrongly_assigned/merging_8/metrics/scaled/hvg/R/semiSupSTACAS_embed,0.384064648594774,0.442914912089727
/human_pancreas_subtype_wrongly_assigned/merging_9/metrics/scaled/hvg/R/semiSupSTACAS_embed,0.384390196336858,0.442536257357523
/human_pancreas_subtype_wrongly_assigned/merging_10/metrics/scaled/hvg/R/semiSupSTACAS_embed,0.38420552492445,0.441432006839231
/human_pancreas_subtype_wrongly_assigned/merging_11/metrics/scaled/hvg/R/semiSupSTACAS_embed,0.38254829592524,0.441770203808442
/human_pancreas_subtype_wrongly_assigned/merging_12/metrics/scaled/hvg/R/semiSupSTACAS_embed,0.382238493826157,0.441080544823574
/human_pancreas_subtype_wrongly_assigned/merging_13/metrics/scaled/hvg/R/semiSupSTACAS_embed,0.382509578001944,0.440926878332526
/human_pancreas_subtype_wrongly_assigned/merging_14/metrics/scaled/hvg/R/semiSupSTACAS_embed,0.382509578001944,0.440926878332526
/human_pancreas_subtype_wrongly_assigned/merging_15/metrics/scaled/hvg/R/semiSupSTACAS_embed,0.382509578001944,0.440926878332526
/human_pancreas_subtype_wrongly_assigned/merging_16/metrics/scaled/hvg/R/semiSupSTACAS_embed,0.382509578001944,0.440926878332526
/human_pancreas_subtype_wrongly_assigned/merging_17/metrics/scaled/hvg/R/semiSupSTACAS_embed,0.382509578001944,0.440926878332526
/tcells_atlas_subtype_wrongly_assigned/original/metrics/scaled/hvg/R/semiSupSTACAS_embed,0.139598343349737,0.137759225420126
/tcells_atlas_subtype_wrongly_assigned/neighbor_shuffled_20_unknown_15/metrics/scaled/hvg/R/semiSupSTACAS_embed,0.135665766894462,0.148321899286542
/tcells_atlas_subtype_wrongly_assigned/merging_1/metrics/scaled/hvg/R/semiSupSTACAS_embed,0.145567170660276,0.147917925905652
/tcells_atlas_subtype_wrongly_assigned/merging_2/metrics/scaled/hvg/R/semiSupSTACAS_embed,0.147022072389169,0.150284275807979
/tcells_atlas_subtype_wrongly_assigned/merging_3/metrics/scaled/hvg/R/semiSupSTACAS_embed,0.147284169739144,0.150784310199417
/tcells_atlas_subtype_wrongly_assigned/merging_4/metrics/scaled/hvg/R/semiSupSTACAS_embed,0.140993825267839,0.143858925623566
/tcells_atlas_subtype_wrongly_assigned/merging_5/metrics/scaled/hvg/R/semiSupSTACAS_embed,0.141509104998954,0.144494659122684
/tcells_atlas_subtype_wrongly_assigned/merging_6/metrics/scaled/hvg/R/semiSupSTACAS_embed,0.146778595570002,0.150443558130326
/tcells_atlas_subtype_wrongly_assigned/merging_7/metrics/scaled/hvg/R/semiSupSTACAS_embed,0.150569744480318,0.154541145755868
/tcells_atlas_subtype_wrongly_assigned/merging_8/metrics/scaled/hvg/R/semiSupSTACAS_embed,0.150535832813499,0.156762097554664
/tcells_atlas_subtype_wrongly_assigned/merging_9/metrics/scaled/hvg/R/semiSupSTACAS_embed,0.150535832813499,0.156762097554664
/tcells_atlas_subtype_wrongly_assigned/merging_10/metrics/scaled/hvg/R/semiSupSTACAS_embed,0.150535832813499,0.156762097554664
/tcells_atlas_subtype_wrongly_assigned/merging_11/metrics/scaled/hvg/R/semiSupSTACAS_embed,0.150535832813499,0.156762097554664
/tcells_atlas_subtype_wrongly_assigned/merging_12/metrics/scaled/hvg/R/semiSupSTACAS_embed,0.150535832813499,0.156762097554664
/tcells_atlas_subtype_wrongly_assigned/merging_13/metrics/scaled/hvg/R/semiSupSTACAS_embed,0.150535832813499,0.156762097554664
/tcells_atlas_subtype_wrongly_assigned/merging_14/metrics/scaled/hvg/R/semiSupSTACAS_embed,0.150535832813499,0.156762097554664
/tcells_atlas_subtype_wrongly_assigned/merging_15/metrics/scaled/hvg/R/semiSupSTACAS_embed,0.150535832813499,0.156762097554664
/tcells_atlas_subtype_wrongly_assigned/merging_16/metrics/scaled/hvg/R/semiSupSTACAS_embed,0.150535832813499,0.156762097554664
/tcells_atlas_subtype_wrongly_assigned/merging_17/metrics/scaled/hvg/R/semiSupSTACAS_embed,0.150535832813499,0.156762097554664
/lung_atlas_subtype_wrongly_assigned/original/metrics/scaled/hvg/R/semiSupSTACAS_embed,0.195113098596756,0.214954355787147
/lung_atlas_subtype_wrongly_assigned/neighbor_shuffled_20_unknown_15/metrics/scaled/hvg/R/semiSupSTACAS_embed,0.183405037693798,0.210308470354548
/lung_atlas_subtype_wrongly_assigned/merging_1/metrics/scaled/hvg/R/semiSupSTACAS_embed,0.1953812665499,0.214366460003093
/lung_atlas_subtype_wrongly_assigned/merging_2/metrics/scaled/hvg/R/semiSupSTACAS_embed,0.196604994446653,0.21679235518521
/lung_atlas_subtype_wrongly_assigned/merging_3/metrics/scaled/hvg/R/semiSupSTACAS_embed,0.193745167777044,0.215820163576298
/lung_atlas_subtype_wrongly_assigned/merging_4/metrics/scaled/hvg/R/semiSupSTACAS_embed,0.193458379019053,0.215552822480018
/lung_atlas_subtype_wrongly_assigned/merging_5/metrics/scaled/hvg/R/semiSupSTACAS_embed,0.191594134342694,0.214818139774211
/lung_atlas_subtype_wrongly_assigned/merging_6/metrics/scaled/hvg/R/semiSupSTACAS_embed,0.19158802884031,0.2148144255936
/lung_atlas_subtype_wrongly_assigned/merging_7/metrics/scaled/hvg/R/semiSupSTACAS_embed,0.190918983133911,0.215100798288939
/lung_atlas_subtype_wrongly_assigned/merging_8/metrics/scaled/hvg/R/semiSupSTACAS_embed,0.190762868080416,0.214481213179356
/lung_atlas_subtype_wrongly_assigned/merging_9/metrics/scaled/hvg/R/semiSupSTACAS_embed,0.190378565362933,0.214440785429981
/lung_atlas_subtype_wrongly_assigned/merging_10/metrics/scaled/hvg/R/semiSupSTACAS_embed,0.190483138300636,0.214516988935255
/lung_atlas_subtype_wrongly_assigned/merging_11/metrics/scaled/hvg/R/semiSupSTACAS_embed,0.190454299586435,0.215684688994278
/lung_atlas_subtype_wrongly_assigned/merging_12/metrics/scaled/hvg/R/semiSupSTACAS_embed,0.189853541318672,0.214309441934228
/lung_atlas_subtype_wrongly_assigned/merging_13/metrics/scaled/hvg/R/semiSupSTACAS_embed,0.191006566666656,0.21692412181921
/lung_atlas_subtype_wrongly_assigned/merging_14/metrics/scaled/hvg/R/semiSupSTACAS_embed,0.190714150579504,0.216583479705614
/lung_atlas_subtype_wrongly_assigned/merging_15/metrics/scaled/hvg/R/semiSupSTACAS_embed,0.18929639472194,0.214095331682059
/lung_atlas_subtype_wrongly_assigned/merging_16/metrics/scaled/hvg/R/semiSupSTACAS_embed,0.18929639472194,0.214095331682059
/lung_atlas_subtype_wrongly_assigned/merging_17/metrics/scaled/hvg/R/semiSupSTACAS_embed,0.18929639472194,0.214095331682059
